{
	"info": {
		"_postman_id": "87ba306d-ab7a-4ea3-bfea-0379b5e6321c",
		"name": "account-funding-transaction_peer2peer",
		"description": "The Account Funding Transaction (AFT) is a VisaNet transaction used to pull funds from a Visa card account for the purpose of funding a different, non-merchant account;\r\n\r\nfor example, loading or topping up prepaid card accounts, moving funds into another financial account such as a savings deposit account, acting as a funding source for person-to-person (P2P) money transfers, or loading third-party digital wallets.The Account Funding Transaction (AFT) is a type of VisaNet purchase transaction that allows a cardholder to “pull” funds from an eligible Visa card account in order to “push” funds to a different account—either the cardholder’s or another person’s non-merchant account. Funds from an AFT can be used to:\r\n\r\n* Load or top up a prepaid card account\r\n* Move funds into another financial account such as a savings deposit or retirement account\r\n* Initiate a person-to-person (P2P) money transfer\r\n* Fund a consumer’s digital wallet2\r\n\r\na. Authenticate\r\nb. Pull Funds from the Account\r\nc. Push Funds to the Card",
		"schema": "https://schema.getpostman.com/json/collection/v2.1.0/collection.json"
	},
	"item": [
		{
			"name": "9.2.a.1 Check Enrollment",
			"event": [
				{
					"listen": "test",
					"script": {
						"id": "be28bcf2-5fcd-499d-9cc0-fa90af733e3d",
						"exec": [
							"// Convert XML output to JSON format\r",
							"var xml2JsonData = xml2Json(responseBody);\r",
							"\r",
							"var xml = cheerio.load(responseBody, {\r",
							"  ignoreWhitespace: true,\r",
							"  xmlMode: true\r",
							"});\r",
							"\r",
							"//console.log(xml.xml()); // Serialize the jQuery as a string\r",
							"\r",
							"pm.globals.set(\"$p_guwid_enroll\", xml(\"payment\").find(\"transaction-id\").text());\r",
							"pm.globals.set(\"$pareq\", xml(\"payment\").find(\"three-d\").find(\"pareq\").text());\r",
							"pm.globals.set(\"$acs_url\", xml(\"payment\").find(\"three-d\").find(\"acs-url\").text());\r",
							"\r",
							"console.info(\"Check Enrollment GUWID: \"+xml(\"payment\").find(\"transaction-id\").text());\r",
							"console.info(\"PAREQ: \"+xml(\"payment\").find(\"three-d\").find(\"pareq\").text());\r",
							"console.info(\"ACS-URL: \"+xml(\"payment\").find(\"three-d\").find(\"acs-url\").text());\r",
							"\r",
							"var $status=xml(\"payment\").find(\"transaction-state\").text();\r",
							"\r",
							"pm.test(\"Check Enrollment with Zero Amount\", function(){\r",
							"    pm.expect($status).to.equal(\"success\"); \r",
							"});\r",
							"\r",
							"pm.test(\"Check Enrollment Transaction ID: \"+pm.globals.get(\"$p_guwid_enroll\"), function(){\r",
							"    pm.expect(pm.globals.get(\"$p_guwid_enroll\")).not.equal(null);\r",
							"});\r",
							"\r",
							"pm.test(\"ACS-URL: \"+pm.globals.get(\"$acs_url\"), function(){\r",
							"    pm.expect(pm.globals.get(\"$acs_url\")).not.equal(null);\r",
							"});\r",
							"\r",
							"pm.test(\"PAREQ: \"+pm.globals.get(\"$pareq\"), function(){\r",
							"        pm.expect(pm.globals.get(\"$pareq\")).not.equal(null);\r",
							"});"
						],
						"type": "text/javascript"
					}
				},
				{
					"listen": "prerequest",
					"script": {
						"id": "f37884bf-d593-4dbb-88e1-08535c4d9354",
						"exec": [
							"",
							"var guid = (function() {",
							"  function s4() {",
							"    return Math.floor((1 + Math.random()) * 0x10000)",
							"               .toString(16)",
							"               .substring(1);",
							"  }",
							"  return function() {",
							"    return s4() + s4() + '-' + s4() + '-' + s4() + '-' +",
							"           s4() + '-' + s4() + s4() + s4();",
							"  };",
							"})();",
							"",
							"pm.globals.set(\"$descriptor\", \"DS-2 Use-Cases: Account Funding Transaction - Peer to Peer\");",
							"pm.globals.set(\"$handler\", guid());",
							"console.info(\"UUID: \"+pm.globals.get(\"$handler\"));",
							"",
							"",
							"pm.globals.set(\"$p_guwid\", null);",
							"pm.globals.set(\"$p_guwid_enroll\", null);",
							"pm.globals.set(\"$p_guwid_check\", null);",
							"pm.globals.set(\"$p_guwid_auth_1\", null);",
							"pm.globals.set(\"$p_guwid_auth_2\", null);",
							"pm.globals.set(\"$p_guwid_auth_only\", null);",
							"",
							"",
							"pm.globals.set(\"$pares\", null);",
							"pm.globals.set(\"$pareq\", null);",
							"pm.globals.set(\"$acs_url\", null);"
						],
						"type": "text/javascript"
					}
				}
			],
			"request": {
				"auth": {
					"type": "basic",
					"basic": [
						{
							"key": "password",
							"value": "8mhwavKVb91T",
							"type": "string"
						},
						{
							"key": "username",
							"value": "70000-APILUHN-CARD",
							"type": "string"
						}
					]
				},
				"method": "POST",
				"header": [
					{
						"key": "Authorization",
						"type": "text",
						"value": " Basic NzAwMDAtQVBJTFVITi1DQVJEOjhtaHdhdktWYjkxVA=="
					},
					{
						"key": "Content-Type",
						"name": "Content-Type",
						"type": "text",
						"value": "text/xml"
					}
				],
				"body": {
					"mode": "raw",
					"raw": "<?xml version=\"1.0\" encoding=\"UTF-8\" standalone=\"yes\"?>\n<payment xmlns=\"http://www.elastic-payments.com/schema/payment\">\n    <merchant-account-id>ba90c606-5d0b-45b9-9902-9b0542bba3a4</merchant-account-id>\n    <request-id>{{$guid}}</request-id>\n    <transaction-type>check-enrollment</transaction-type>\n    <requested-amount currency=\"EUR\">10.00</requested-amount>\n    <notifications format=\"application/json\">\n        <notification url=\"http://www.webhook.site/68f1326e-311d-4ef8-a998-1c3c66cc497a\"></notification>\n    </notifications>\n    <account-holder>\n        <first-name>Manon</first-name>\n        <last-name>Mertens</last-name>\n        <email>m.mertens@example.com</email>\n        <phone>+3228089336</phone>\n        <mobile-phone>+32496000000</mobile-phone>\n        <address>\n            <street1>Rue de la Loi 1</street1>\n            <city>Brussels</city>\n            <state>BRU</state>\n            <country>BE</country>\n            <postal-code>1000</postal-code>\n        </address>\n        <success-redirect-url>https://demoshop-test.wirecard.com/demoshop/#/success</success-redirect-url>\n        <fail-redirect-url>https://demoshop-test.wirecard.com/demoshop/#/error</fail-redirect-url>\n        <cancel-redirect-url>https://demoshop-test.wirecard.com/demoshop/#/cancel</cancel-redirect-url>\n        <iso-transaction-type>01</iso-transaction-type>\n        <merchant-crm-id>XWLfrzuGhpajYxFiFgNScwcLhtIOvXNxMIcrxIPTHqgroaFiPNDqMxGBXYUhMVBZ</merchant-crm-id>\n        <account-info>\n            <authentication-method>01</authentication-method>\n            <authentication-timestamp>2019-05-05T21:46:00.000Z</authentication-timestamp>\n            <challenge-indicator>04</challenge-indicator>\n            <creation-date>2019-05-05Z</creation-date>\n            <update-date>2019-06-07Z</update-date>\n            <password-change-date>2019-06-08Z</password-change-date>\n            <shipping-address-first-use>2019-06-09Z</shipping-address-first-use>\n            <transactions-last-day>1</transactions-last-day>\n            <transactions-last-year>10</transactions-last-year>\n            <card-transactions-last-day>2</card-transactions-last-day>\n            <purchases-last-six-months>4</purchases-last-six-months>\n            <suspicious-activity>false</suspicious-activity>\n            <card-creation-date>2018-06-16Z</card-creation-date>\n        </account-info>\n    </account-holder>\n    <shipping>\n        <first-name>Manon</first-name>\n        <last-name>Mertens</last-name>\n        <address>\n            <street1>Rue de la Loi 1</street1>\n            <city>Brussels</city>\n            <state>BRU</state>\n            <country>BE</country>\n            <postal-code>1000</postal-code>\n        </address>\n        <shipping-method>home_delivery</shipping-method>\n    </shipping>\n    <card>\n        <account-number>4012000300201199</account-number>\n        <expiration-month>01</expiration-month>\n        <expiration-year>2023</expiration-year>\n        <card-security-code>199</card-security-code>\n        <card-type>visa</card-type>\n        <account-type>02</account-type>\n        <merchant-tokenization-flag>true</merchant-tokenization-flag>\n    </card>\n    <ip-address>127.0.0.1</ip-address>\n    <order-detail>{{$handler}}</order-detail>\n    <descriptor>{{$descriptor}}</descriptor>\n    <payment-methods>\n        <payment-method name=\"creditcard\"/>\n    </payment-methods>\n    <three-d>\n        <version>2.1</version>\n        <attempt-three-d>true</attempt-three-d>\n    </three-d>\n    <device>\n        <render-options>\n            <interface>01</interface>\n            <ui-type>01</ui-type>\n        </render-options>\n    </device>\n    <browser>\n        <time-zone>360</time-zone>\n        <screen-resolution>800x600</screen-resolution>\n        <challenge-window-size>01</challenge-window-size>\n        <color-depth>48</color-depth>\n        <java-enabled>true</java-enabled>\n        <language>en</language>\n    </browser>\n    <risk-info>\n        <availability>01</availability>\n        <delivery-mail>m.mertens@example.com</delivery-mail>\n        <delivery-timeframe>04</delivery-timeframe>\n        <gift>\n            <gift-card id=\"09754139-a2db-48c0-af1b-c89c4a31b645\">\n                <amount currency=\"EUR\">9.99</amount>\n            </gift-card>\n        </gift>\n        <preorder-date>2019-07-16Z</preorder-date>\n        <reorder-items>01</reorder-items>\n    </risk-info>\n</payment>"
				},
				"url": {
					"raw": "https://api-test.wirecard.com/engine/rest/payments/",
					"protocol": "https",
					"host": [
						"api-test",
						"wirecard",
						"com"
					],
					"path": [
						"engine",
						"rest",
						"payments",
						""
					]
				}
			},
			"response": [
				{
					"name": "3D (Automatic Card Brand Recognition) Sign In",
					"originalRequest": {
						"method": "POST",
						"header": [
							{
								"key": "Authorization",
								"value": " Basic NzAwMDAtQVBJTFVITi1DQVJEOjhtaHdhdktWYjkxVA==",
								"type": "text"
							},
							{
								"key": "Content-Type",
								"value": " application/xml",
								"type": "text"
							}
						],
						"body": {
							"mode": "raw",
							"raw": ""
						},
						"url": {
							"raw": "https://api-test.wirecard.com/engine/rest/payments/",
							"protocol": "https",
							"host": [
								"api-test",
								"wirecard",
								"com"
							],
							"path": [
								"engine",
								"rest",
								"payments",
								""
							]
						}
					},
					"status": "Internal Server Error",
					"code": 500,
					"_postman_previewlanguage": "xml",
					"header": [
						{
							"key": "Cache-Control",
							"value": "no-cache, no-store, max-age=0, must-revalidate"
						},
						{
							"key": "Pragma",
							"value": "no-cache"
						},
						{
							"key": "Expires",
							"value": "0"
						},
						{
							"key": "X-XSS-Protection",
							"value": "1; mode=block"
						},
						{
							"key": "X-Content-Type-Options",
							"value": "nosniff"
						},
						{
							"key": "Content-Type",
							"value": "application/xml;charset=UTF-8"
						},
						{
							"key": "Content-Language",
							"value": "en-US"
						},
						{
							"key": "Content-Length",
							"value": "303"
						},
						{
							"key": "Date",
							"value": "Wed, 19 Jun 2019 11:44:51 GMT"
						},
						{
							"key": "Connection",
							"value": "close"
						},
						{
							"key": "Server",
							"value": ""
						},
						{
							"key": "Strict-Transport-Security",
							"value": "max-age=16070400; includeSubDomains"
						}
					],
					"cookie": [],
					"body": "<?xml version=\"1.0\" encoding=\"UTF-8\" standalone=\"yes\"?>\n<payment xmlns=\"http://www.elastic-payments.com/schema/payment\">\n    <transaction-state>failed</transaction-state>\n    <statuses>\n        <status code=\"400.1031\" description=\"Possible malformed request. Please check your input\" severity=\"error\"/>\n    </statuses>\n</payment>"
				}
			]
		},
		{
			"name": "9.2.a.2 Webhook",
			"event": [
				{
					"listen": "test",
					"script": {
						"id": "be28bcf2-5fcd-499d-9cc0-fa90af733e3d",
						"exec": [
							"responseHTML = cheerio(pm.response.text()); console.log(responseHTML.find('[name=\"PaRes\"]').val());\r",
							"pm.globals.set(\"$pares\", responseHTML.find('[name=\"PaRes\"]').val());\r",
							"\r",
							"console.log(\"PARES: \"+responseHTML.find('[name=\"PaRes\"]').val());\r",
							"\r",
							"pm.test(\"Consumer Redirect with ACS URL and PARES\", function () {\r",
							"    pm.response.to.have.status(200);\r",
							"});\r",
							"\r",
							"\r",
							"pm.test(\"PARES: \"+pm.globals.get(\"$pares\"), function(){\r",
							"        pm.expect(pm.globals.get(\"$pares\")).not.equal(null);\r",
							"});"
						],
						"type": "text/javascript"
					}
				},
				{
					"listen": "prerequest",
					"script": {
						"id": "f37884bf-d593-4dbb-88e1-08535c4d9354",
						"exec": [
							""
						],
						"type": "text/javascript"
					}
				}
			],
			"request": {
				"auth": {
					"type": "noauth"
				},
				"method": "POST",
				"header": [
					{
						"key": "Authorization",
						"type": "text",
						"value": " Basic NzAwMDAtQVBJTFVITi1DQVJEOjhtaHdhdktWYjkxVA=="
					},
					{
						"key": "Content-Type",
						"name": "Content-Type",
						"value": "application/x-www-form-urlencoded",
						"type": "text"
					}
				],
				"body": {
					"mode": "urlencoded",
					"urlencoded": [
						{
							"key": "PaReq",
							"value": "{{$pareq}}",
							"type": "text"
						},
						{
							"key": "TermUrl",
							"value": "http://www.webhook.site/68f1326e-311d-4ef8-a998-1c3c66cc497a",
							"type": "text"
						},
						{
							"key": "MD",
							"value": "Manon Mertens",
							"type": "text"
						}
					]
				},
				"url": {
					"raw": "{{$acs_url}}",
					"host": [
						"{{$acs_url}}"
					]
				}
			},
			"response": [
				{
					"name": "3D (Automatic Card Brand Recognition) Sign In",
					"originalRequest": {
						"method": "POST",
						"header": [
							{
								"key": "Authorization",
								"value": " Basic NzAwMDAtQVBJTFVITi1DQVJEOjhtaHdhdktWYjkxVA==",
								"type": "text"
							},
							{
								"key": "Content-Type",
								"value": " application/xml",
								"type": "text"
							}
						],
						"body": {
							"mode": "raw",
							"raw": ""
						},
						"url": {
							"raw": "https://api-test.wirecard.com/engine/rest/payments/",
							"protocol": "https",
							"host": [
								"api-test",
								"wirecard",
								"com"
							],
							"path": [
								"engine",
								"rest",
								"payments",
								""
							]
						}
					},
					"status": "Internal Server Error",
					"code": 500,
					"_postman_previewlanguage": "xml",
					"header": [
						{
							"key": "Cache-Control",
							"value": "no-cache, no-store, max-age=0, must-revalidate"
						},
						{
							"key": "Pragma",
							"value": "no-cache"
						},
						{
							"key": "Expires",
							"value": "0"
						},
						{
							"key": "X-XSS-Protection",
							"value": "1; mode=block"
						},
						{
							"key": "X-Content-Type-Options",
							"value": "nosniff"
						},
						{
							"key": "Content-Type",
							"value": "application/xml;charset=UTF-8"
						},
						{
							"key": "Content-Language",
							"value": "en-US"
						},
						{
							"key": "Content-Length",
							"value": "303"
						},
						{
							"key": "Date",
							"value": "Wed, 19 Jun 2019 11:44:51 GMT"
						},
						{
							"key": "Connection",
							"value": "close"
						},
						{
							"key": "Server",
							"value": ""
						},
						{
							"key": "Strict-Transport-Security",
							"value": "max-age=16070400; includeSubDomains"
						}
					],
					"cookie": [],
					"body": "<?xml version=\"1.0\" encoding=\"UTF-8\" standalone=\"yes\"?>\n<payment xmlns=\"http://www.elastic-payments.com/schema/payment\">\n    <transaction-state>failed</transaction-state>\n    <statuses>\n        <status code=\"400.1031\" description=\"Possible malformed request. Please check your input\" severity=\"error\"/>\n    </statuses>\n</payment>"
				}
			]
		},
		{
			"name": "9.2.a.3 Check-Payer-Response",
			"event": [
				{
					"listen": "prerequest",
					"script": {
						"id": "c077fed1-54bf-489b-97bb-db5fab20228f",
						"exec": [
							""
						],
						"type": "text/javascript"
					}
				},
				{
					"listen": "test",
					"script": {
						"id": "0452501a-d310-4418-ad70-a9248b7fc195",
						"exec": [
							"// Convert XML output to JSON format",
							"var xml2JsonData = xml2Json(responseBody);",
							"",
							"var xml = cheerio.load(responseBody, {",
							"  ignoreWhitespace: true,",
							"  xmlMode: true",
							"});",
							"",
							"pm.globals.set(\"$p_guwid_check\", xml(\"payment\").find(\"transaction-id\").text());",
							"",
							"console.info(\"CheckPayerResponse GUWID: \"+xml(\"payment\").find(\"transaction-id\").text());",
							"console.info(\"Authenticated: \"+xml(\"payment\").find(\"three-d\").find(\"cardholder-authentication-status\").text());",
							"console.info(\"3DSV: \"+xml(\"payment\").find(\"three-d\").find(\"version\").text());",
							"console.info(\"ECI: \"+xml(\"payment\").find(\"three-d\").find(\"eci\").text());",
							"console.info(\"CAVV: \"+xml(\"payment\").find(\"three-d\").find(\"cardholder-authentication-value\").text());",
							"console.info(\"DSTranID: \"+xml(\"payment\").find(\"three-d\").find(\"ds-transaction-id\").text());",
							"",
							"var $status=xml(\"payment\").find(\"transaction-state\").text();",
							"",
							"pm.test(\"Check Payer Response\", function(){",
							"    pm.expect($status).to.equal(\"success\"); ",
							"});",
							"",
							"pm.test(\"Check Payer Response Transaction ID: \"+pm.globals.get(\"$p_guwid_check\"), function(){",
							"    pm.expect(pm.globals.get(\"$p_guwid_check\")).not.equal(null);",
							"});",
							"",
							"pm.test(\"3DS Version: \"+xml(\"payment\").find(\"three-d\").find(\"version\").text(), function(){",
							"    pm.expect(xml(\"payment\").find(\"three-d\").find(\"version\").text()).to.equal(\"2.1.0\");",
							"});"
						],
						"type": "text/javascript"
					}
				}
			],
			"request": {
				"auth": {
					"type": "basic",
					"basic": [
						{
							"key": "password",
							"value": "8mhwavKVb91T",
							"type": "string"
						},
						{
							"key": "username",
							"value": "70000-APILUHN-CARD",
							"type": "string"
						}
					]
				},
				"method": "POST",
				"header": [
					{
						"key": "Authorization",
						"type": "text",
						"value": " Basic NzAwMDAtQVBJTFVITi1DQVJEOjhtaHdhdktWYjkxVA=="
					},
					{
						"key": "Content-Type",
						"name": "Content-Type",
						"type": "text",
						"value": "text/xml"
					}
				],
				"body": {
					"mode": "raw",
					"raw": "<?xml version=\"1.0\" encoding=\"UTF-8\" standalone=\"yes\"?>\n<payment xmlns=\"http://www.elastic-payments.com/schema/payment\">\n    <merchant-account-id>ba90c606-5d0b-45b9-9902-9b0542bba3a4</merchant-account-id>\n    <request-id>{{$guid}}</request-id>\n    <transaction-type>check-payer-response</transaction-type>\n    <parent-transaction-id>{{$p_guwid_enroll}}</parent-transaction-id>\n    <three-d>\n        <pares>{{$pares}}</pares>\n    </three-d>\n    <order-detail>{{$handler}}</order-detail>\n    <descriptor>{{$descriptor}}</descriptor>\n</payment>"
				},
				"url": {
					"raw": "https://api-test.wirecard.com/engine/rest/payments/",
					"protocol": "https",
					"host": [
						"api-test",
						"wirecard",
						"com"
					],
					"path": [
						"engine",
						"rest",
						"payments",
						""
					]
				}
			},
			"response": [
				{
					"name": "3D (Automatic Card Brand Recognition) Sign In",
					"originalRequest": {
						"method": "POST",
						"header": [
							{
								"key": "Authorization",
								"value": " Basic NzAwMDAtQVBJTFVITi1DQVJEOjhtaHdhdktWYjkxVA==",
								"type": "text"
							},
							{
								"key": "Content-Type",
								"value": " application/xml",
								"type": "text"
							}
						],
						"url": {
							"raw": "https://api-test.wirecard.com/engine/rest/payments/",
							"protocol": "https",
							"host": [
								"api-test",
								"wirecard",
								"com"
							],
							"path": [
								"engine",
								"rest",
								"payments",
								""
							]
						}
					},
					"status": "Internal Server Error",
					"code": 500,
					"_postman_previewlanguage": "xml",
					"header": [
						{
							"key": "Cache-Control",
							"value": "no-cache, no-store, max-age=0, must-revalidate"
						},
						{
							"key": "Pragma",
							"value": "no-cache"
						},
						{
							"key": "Expires",
							"value": "0"
						},
						{
							"key": "X-XSS-Protection",
							"value": "1; mode=block"
						},
						{
							"key": "X-Content-Type-Options",
							"value": "nosniff"
						},
						{
							"key": "Content-Type",
							"value": "application/xml;charset=UTF-8"
						},
						{
							"key": "Content-Language",
							"value": "en-US"
						},
						{
							"key": "Content-Length",
							"value": "303"
						},
						{
							"key": "Date",
							"value": "Wed, 19 Jun 2019 11:44:51 GMT"
						},
						{
							"key": "Connection",
							"value": "close"
						},
						{
							"key": "Server",
							"value": ""
						},
						{
							"key": "Strict-Transport-Security",
							"value": "max-age=16070400; includeSubDomains"
						}
					],
					"cookie": [],
					"body": "<?xml version=\"1.0\" encoding=\"UTF-8\" standalone=\"yes\"?>\n<payment xmlns=\"http://www.elastic-payments.com/schema/payment\">\n    <transaction-state>failed</transaction-state>\n    <statuses>\n        <status code=\"400.1031\" description=\"Possible malformed request. Please check your input\" severity=\"error\"/>\n    </statuses>\n</payment>"
				}
			]
		},
		{
			"name": "9.2.b.1 AFT-Purchase (pull)",
			"event": [
				{
					"listen": "test",
					"script": {
						"id": "be28bcf2-5fcd-499d-9cc0-fa90af733e3d",
						"exec": [
							"// Convert XML output to JSON format\r",
							"var xml2JsonData = xml2Json(responseBody);\r",
							"\r",
							"var xml = cheerio.load(responseBody, {\r",
							"  ignoreWhitespace: true,\r",
							"  xmlMode: true\r",
							"});\r",
							"\r",
							"\r",
							"console.info(\"AFT Purchase GUWID: \"+xml(\"payment\").find(\"transaction-id\").text());\r",
							"\r",
							"\r",
							"\r",
							"var $status=xml(\"payment\").find(\"transaction-state\").text();\r",
							"pm.globals.set(\"$p_guwid_AFT_3d\", xml(\"payment\").find(\"transaction-id\").text());\r",
							"\r",
							"\r",
							"pm.test(\"3D AFT Purchase (a2a)\", function(){\r",
							"    pm.expect($status).to.equal(\"success\"); \r",
							"});\r",
							"\r",
							"pm.test(\"AFT Purchase Transaction ID: \"+pm.globals.get(\"$p_guwid_AFT_3d\"), function(){\r",
							"    pm.expect(pm.globals.get(\"$p_guwid_AFT_3d\")).not.equal(null);\r",
							"});"
						],
						"type": "text/javascript"
					}
				},
				{
					"listen": "prerequest",
					"script": {
						"id": "f37884bf-d593-4dbb-88e1-08535c4d9354",
						"exec": [
							""
						],
						"type": "text/javascript"
					}
				}
			],
			"request": {
				"auth": {
					"type": "basic",
					"basic": [
						{
							"key": "password",
							"value": "8mhwavKVb91T",
							"type": "string"
						},
						{
							"key": "username",
							"value": "70000-APILUHN-CARD",
							"type": "string"
						}
					]
				},
				"method": "POST",
				"header": [
					{
						"key": "Authorization",
						"type": "text",
						"value": " Basic NzAwMDAtQVBJTFVITi1DQVJEOjhtaHdhdktWYjkxVA=="
					},
					{
						"key": "Content-Type",
						"name": "Content-Type",
						"type": "text",
						"value": "application/xml"
					}
				],
				"body": {
					"mode": "raw",
					"raw": "<?xml version=\"1.0\" encoding=\"UTF-8\" standalone=\"yes\"?>\n<payment xmlns=\"http://www.elastic-payments.com/schema/payment\">\n    <merchant-account-id>ba90c606-5d0b-45b9-9902-9b0542bba3a4</merchant-account-id>\n    <request-id>{{$guid}}</request-id>\n    <transaction-type>purchase</transaction-type>\n    <requested-amount currency=\"EUR\">10.0</requested-amount>\n    <parent-transaction-id>{{$p_guwid_check}}</parent-transaction-id>\n    <order-detail>{{$handler}}</order-detail>\n    <descriptor>{{$descriptor}}</descriptor>\n    <aft-bai-type>p2p</aft-bai-type>\n</payment>",
					"options": {
						"raw": {
							"language": "xml"
						}
					}
				},
				"url": {
					"raw": "https://api-test.wirecard.com/engine/rest/payments/",
					"protocol": "https",
					"host": [
						"api-test",
						"wirecard",
						"com"
					],
					"path": [
						"engine",
						"rest",
						"payments",
						""
					]
				}
			},
			"response": [
				{
					"name": "3D (Automatic Card Brand Recognition) Sign In",
					"originalRequest": {
						"method": "POST",
						"header": [
							{
								"key": "Authorization",
								"value": " Basic NzAwMDAtQVBJTFVITi1DQVJEOjhtaHdhdktWYjkxVA==",
								"type": "text"
							},
							{
								"key": "Content-Type",
								"value": " application/xml",
								"type": "text"
							}
						],
						"body": {
							"mode": "raw",
							"raw": ""
						},
						"url": {
							"raw": "https://api-test.wirecard.com/engine/rest/payments/",
							"protocol": "https",
							"host": [
								"api-test",
								"wirecard",
								"com"
							],
							"path": [
								"engine",
								"rest",
								"payments",
								""
							]
						}
					},
					"status": "Internal Server Error",
					"code": 500,
					"_postman_previewlanguage": "xml",
					"header": [
						{
							"key": "Cache-Control",
							"value": "no-cache, no-store, max-age=0, must-revalidate"
						},
						{
							"key": "Pragma",
							"value": "no-cache"
						},
						{
							"key": "Expires",
							"value": "0"
						},
						{
							"key": "X-XSS-Protection",
							"value": "1; mode=block"
						},
						{
							"key": "X-Content-Type-Options",
							"value": "nosniff"
						},
						{
							"key": "Content-Type",
							"value": "application/xml;charset=UTF-8"
						},
						{
							"key": "Content-Language",
							"value": "en-US"
						},
						{
							"key": "Content-Length",
							"value": "303"
						},
						{
							"key": "Date",
							"value": "Wed, 19 Jun 2019 11:44:51 GMT"
						},
						{
							"key": "Connection",
							"value": "close"
						},
						{
							"key": "Server",
							"value": ""
						},
						{
							"key": "Strict-Transport-Security",
							"value": "max-age=16070400; includeSubDomains"
						}
					],
					"cookie": [],
					"body": "<?xml version=\"1.0\" encoding=\"UTF-8\" standalone=\"yes\"?>\n<payment xmlns=\"http://www.elastic-payments.com/schema/payment\">\n    <transaction-state>failed</transaction-state>\n    <statuses>\n        <status code=\"400.1031\" description=\"Possible malformed request. Please check your input\" severity=\"error\"/>\n    </statuses>\n</payment>"
				}
			]
		},
		{
			"name": "9.2.c.1 Non Gambling OCT (push)",
			"event": [
				{
					"listen": "test",
					"script": {
						"id": "be28bcf2-5fcd-499d-9cc0-fa90af733e3d",
						"exec": [
							"// Convert XML output to JSON format\r",
							"var xml2JsonData = xml2Json(responseBody);\r",
							"\r",
							"var xml = cheerio.load(responseBody, {\r",
							"  ignoreWhitespace: true,\r",
							"  xmlMode: true\r",
							"});\r",
							"\r",
							"\r",
							"console.info(\"Non-Gambling OCT GUWID: \"+xml(\"payment\").find(\"transaction-id\").text());\r",
							"\r",
							"\r",
							"\r",
							"var $status=xml(\"payment\").find(\"transaction-state\").text();\r",
							"pm.globals.set(\"$p_guwid\", xml(\"payment\").find(\"transaction-id\").text());\r",
							"\r",
							"\r",
							"pm.test(\"Non-Gambling OCT (a2a)\", function(){\r",
							"    pm.expect($status).to.equal(\"success\"); \r",
							"});\r",
							"\r",
							"pm.test(\"Non-Gambling OCT Transaction ID: \"+pm.globals.get(\"$p_guwid\"), function(){\r",
							"    pm.expect(pm.globals.get(\"$p_guwid\")).not.equal(null);\r",
							"});"
						],
						"type": "text/javascript"
					}
				},
				{
					"listen": "prerequest",
					"script": {
						"id": "f37884bf-d593-4dbb-88e1-08535c4d9354",
						"exec": [
							""
						],
						"type": "text/javascript"
					}
				}
			],
			"request": {
				"auth": {
					"type": "basic",
					"basic": [
						{
							"key": "username",
							"value": "70000-APILUHN-CARD",
							"type": "string"
						},
						{
							"key": "password",
							"value": "8mhwavKVb91T",
							"type": "string"
						}
					]
				},
				"method": "POST",
				"header": [
					{
						"key": "Authorization",
						"type": "text",
						"value": " Basic NzAwMDAtQVBJTFVITi1DQVJEOjhtaHdhdktWYjkxVA=="
					},
					{
						"key": "Content-Type",
						"name": "Content-Type",
						"type": "text",
						"value": "application/xml"
					}
				],
				"body": {
					"mode": "raw",
					"raw": "<?xml version=\"1.0\" encoding=\"UTF-8\" standalone=\"yes\"?>\n<payment xmlns=\"http://www.elastic-payments.com/schema/payment\">\n    <merchant-account-id>86687a11-3f9b-4f30-be54-8f22998b6177</merchant-account-id>\n    <request-id>{{$guid}}</request-id>\n    <transaction-type>original-credit</transaction-type>\n    <requested-amount currency=\"USD\">10.00</requested-amount>\n    <non-gambling-oct-type>p2p</non-gambling-oct-type>\n    <account-holder>\n       <first-name>Manon</first-name>\n        <last-name>Mertens</last-name>\n        <email>m.mertens@example.com</email>\n        <phone>+3228089336</phone>\n        <mobile-phone>+32496000000</mobile-phone>\n        <address>\n            <street1>Rue de la Loi 1</street1>\n            <city>Brussels</city>\n            <state>BRU</state>\n            <country>BE</country>\n            <postal-code>1000</postal-code>\n        </address>\n    </account-holder>\n    <credit-sender-data>\n        <receiver-name>Joe</receiver-name>\n        <receiver-last-name>Smith</receiver-last-name>\n        <reference-number>123455</reference-number>\n        <sender-account-number>6753232</sender-account-number>\n        <sender-name>Manon</sender-name>\n        <sender-last-name>Mertens</sender-last-name>\n        <sender-address>Rue de la Loi 1</sender-address>\n        <sender-city>Brussels</sender-city>\n        <sender-country>BE</sender-country>\n        <sender-state>BRU</sender-state>\n        <sender-postal-code>1000</sender-postal-code>\n        <sender-funds-source>01</sender-funds-source>\n    </credit-sender-data>\n    <card>\n        <account-number>4012000100000007</account-number>\n        <expiration-month>01</expiration-month>\n        <expiration-year>2023</expiration-year>\n        <card-type>visa</card-type>\n        <card-security-code>007</card-security-code>\n    </card>\n    <ip-address>127.0.0.1</ip-address>\n    <payment-methods>\n        <payment-method name=\"creditcard\"/>\n    </payment-methods>\n    <descriptor>{{$descriptor}}</descriptor>\n</payment>"
				},
				"url": {
					"raw": "https://api-test.wirecard.com/engine/rest/payments/",
					"protocol": "https",
					"host": [
						"api-test",
						"wirecard",
						"com"
					],
					"path": [
						"engine",
						"rest",
						"payments",
						""
					]
				}
			},
			"response": [
				{
					"name": "3D (Automatic Card Brand Recognition) Sign In",
					"originalRequest": {
						"method": "POST",
						"header": [
							{
								"key": "Authorization",
								"value": " Basic NzAwMDAtQVBJTFVITi1DQVJEOjhtaHdhdktWYjkxVA==",
								"type": "text"
							},
							{
								"key": "Content-Type",
								"value": " application/xml",
								"type": "text"
							}
						],
						"body": {
							"mode": "raw",
							"raw": ""
						},
						"url": {
							"raw": "https://api-test.wirecard.com/engine/rest/payments/",
							"protocol": "https",
							"host": [
								"api-test",
								"wirecard",
								"com"
							],
							"path": [
								"engine",
								"rest",
								"payments",
								""
							]
						}
					},
					"status": "Internal Server Error",
					"code": 500,
					"_postman_previewlanguage": "xml",
					"header": [
						{
							"key": "Cache-Control",
							"value": "no-cache, no-store, max-age=0, must-revalidate"
						},
						{
							"key": "Pragma",
							"value": "no-cache"
						},
						{
							"key": "Expires",
							"value": "0"
						},
						{
							"key": "X-XSS-Protection",
							"value": "1; mode=block"
						},
						{
							"key": "X-Content-Type-Options",
							"value": "nosniff"
						},
						{
							"key": "Content-Type",
							"value": "application/xml;charset=UTF-8"
						},
						{
							"key": "Content-Language",
							"value": "en-US"
						},
						{
							"key": "Content-Length",
							"value": "303"
						},
						{
							"key": "Date",
							"value": "Wed, 19 Jun 2019 11:44:51 GMT"
						},
						{
							"key": "Connection",
							"value": "close"
						},
						{
							"key": "Server",
							"value": ""
						},
						{
							"key": "Strict-Transport-Security",
							"value": "max-age=16070400; includeSubDomains"
						}
					],
					"cookie": [],
					"body": "<?xml version=\"1.0\" encoding=\"UTF-8\" standalone=\"yes\"?>\n<payment xmlns=\"http://www.elastic-payments.com/schema/payment\">\n    <transaction-state>failed</transaction-state>\n    <statuses>\n        <status code=\"400.1031\" description=\"Possible malformed request. Please check your input\" severity=\"error\"/>\n    </statuses>\n</payment>"
				}
			]
		}
	],
	"event": [
		{
			"listen": "prerequest",
			"script": {
				"id": "a4ca0032-5a7d-4c6c-a08d-7d8331ae1b13",
				"type": "text/javascript",
				"exec": [
					""
				]
			}
		},
		{
			"listen": "test",
			"script": {
				"id": "8c7e8967-20a5-4bb2-a555-bc8ce74660d2",
				"type": "text/javascript",
				"exec": [
					""
				]
			}
		}
	],
	"protocolProfileBehavior": {}
}